<?xml version="1.0" encoding="utf-8" ?>
<resources>

  <style name="MainTheme" parent="MainTheme.Base">
  </style>
  <!-- Base theme applied no matter what API -->
  <style name="MainTheme.Base" parent="Theme.AppCompat.Light.DarkActionBar">
    <!--If you are using revision 22.1 please use just windowNoTitle. Without android:-->
    <item name="windowNoTitle">true</item>
    <!--We will be using the toolbar so no need to show ActionBar-->
    <item name="windowActionBar">false</item>
    <!-- Set theme colors from http://www.google.com/design/spec/style/color.html#color-color-palette -->
    <!-- colorPrimary is used for the default action bar background -->
    <item name="colorPrimary">@color/colorPrimary</item>
    <!-- colorPrimaryDark is used for the status bar -->
    <item name="colorPrimaryDark">@color/colorPrimaryDark</item>
    
    <item name="android:textAllCaps">false</item>
    <!-- colorAccent is used as the default value for colorControlActivated
         which is used to tint widgets -->
    <item name="colorAccent">@color/colorAccent</item>
    
    <!--EditText-->
    <item name="android:editTextStyle">@style/EditTextStyle</item>
     <!--Lisview-->
    <item name="android:colorPressedHighlight">@color/ListViewSelected</item>
    <item name="android:colorLongPressedHighlight">@color/ListViewHighlighted</item>
    <item name="android:colorFocusedHighlight">@color/ListViewSelected</item>
    <item name="android:colorActivatedHighlight">@color/ListViewSelected</item>
    <item name="android:activatedBackgroundIndicator">@color/ListViewSelected</item>
    
    <!-- You can also set colorControlNormal, colorControlActivated
         colorControlHighlight and colorSwitchThumbNormal. -->
    <item name="windowActionModeOverlay">true</item>

    <item name="android:datePickerDialogTheme">@style/AppCompatDialogStyle</item>
  </style>
  
   <!--SPLASH SCREEN-->
  <style name="Splashscreen" parent="Theme.AppCompat.Light.NoActionBar">
    <item name="android:windowBackground">@drawable/splashscreen</item>
    <item name="android:windowNoTitle">true</item>
    <item name="android:windowIsTranslucent">false</item>
    <item name="android:windowIsFloating">false</item>
    <item name="android:backgroundDimEnabled">true</item>
    <item name="colorPrimaryDark">#00FFFFFF</item>
  </style>

  <!--Dialog-->
  <style name="AppCompatDialogStyle" parent="Theme.AppCompat.Light.Dialog">
   <item name="colorAccent">@color/textColor</item>
    <item name="android:textColorPrimary">@color/colorPrimary</item>
  </style>

 <!--Text field-->
  <style name="EditTextStyle" parent="@style/Widget.AppCompat.EditText">
    <item name="android:textColor">#000000</item>
    <item name="android:textColorHint">@color/hint</item>
    <item name="colorControlNormal">@color/hint</item>
    <item name="colorControlActivated">@color/hint</item>
    <item name="colorControlHighlight">@color/hint</item>
    <item name="android:backgroundTint" >@color/textColor</item>
    <item name="backgroundTint">@color/textColor</item>
    <item name="android:textCursorDrawable">@drawable/color_cursor</item>
</style>

 <!--Seek bar-->
  <style name="SeekBarStyle" parent="@style/Widget.AppCompat.SeekBar" >
        <item name="colorAccent">@color/textColor</item>
 </style>
</resources>
